Id_Patient,IndicatorId,FromDate,To_Date
121,40,20150701,20151231
122,40,20150701,20151231
123,40,20150701,20151231
123,41,20150701,20151231
124,40,20150701,20151231
128,62,20150201,20151231
128,63,20150201,20151231
133,221,20150101,20151201
133,226,20150101,20151201
134,221,20150101,20151201
135,221,20140101,20141201
136,221,20150101,20151201
137,221,20150101,20151201
137,226,20150101,20151201
138,221,20150101,20151201
138,226,20150101,20151201
140,221,20150101,20151201
140,226,20150101,20151201
141,221,20150101,20151201
141,226,20150101,20151201
142,221,20150101,20151201
142,226,20150101,20151201
143,221,20150101,20151201
143,226,20150101,20151201
144,221,20150101,20151201
144,226,20150101,20151201
145,221,20150101,20151201
145,226,20150101,20151201
146,221,20150101,20151201
146,226,20150601,20151201
147,178,20150501,20151231
148,183,20150601,20151231
149,135,20150601,20161231
149,142,20150601,20151231
150,100,20150601,20151231
151,152,20150601,20151231
151,154,20150601,20151231
152,87,20140101,20161231
152,92,20150101,20161231
153,183,20150601,20151231
153,185,20150601,20151231
154,144,20150601,20151231
154,148,20150601,20151231